<?xml version="1.0" encoding="UTF-8" standalone="yes"?>
<addon id="repo.kelticlad" name="kelticlad" version="0.0.1" provider-name="kelticladkelticlad">
    <extension point="xbmc.addon.repository" name="Example Repository">
        <dir>
            <info compressed="false">https://raw.githubusercontent.com/kelticladkelticlad/repo.kelticlad/master/zips/addons.xml</info>
            <checksum>https://raw.githubusercontent.com/kelticladkelticlad/repo.kelticlad/master/zips/addons.xml.md5</checksum>
            <datadir zip="true">https://raw.githubusercontent.com/kelticladkelticlad/repo.kelticlad/master/zips/</datadir>
        </dir>
    </extension>
    <extension point="xbmc.addon.metadata">
        <summary>repo.kelticlad</summary>
        <description>addons for friends and family</description>
        <disclaimer></disclaimer>
        <platform>all</platform>
        <assets>
            <icon>icon.png</icon>
            <fanart>fanart.jpg</fanart>
        </assets>
    </extension>
</addon>